{
  "$schema": "https://developer.joomla.org/schemas/json-schema/web_assets.json",
  "name": "com_generic",
  "version": "1.0.0",
  "description": "Joomla CMS",
  "license": "GPL-2.0-or-later",
  "assets": [
    {
      "name": "com_generic.admin-stblrecs-letter",
      "type": "script",
      "uri": "com_generic/admin-stblrecs-letter.js",
      "dependencies": [
        "core"
      ],
      "attributes": {
        "defer": true
      }
    },
    {
      "name": "com_generic.admin-leagues-letter",
      "type": "script",
      "uri": "com_generic/admin-leagues-letter.js",
      "dependencies": [
        "core"
      ],
      "attributes": {
        "defer": true
      }
    },
    {
      "name": "com_generic.admin-stblrecs-modal",
      "type": "script",
      "uri": "com_generic/admin-stblrecs-modal.js",
      "dependencies": [
        "core"
      ],
      "attributes": {
        "defer": true
      }
    },
    {
      "name": "com_generic.admin-leagues-modal",
      "type": "script",
      "uri": "com_generic/admin-leagues-modal.js",
      "dependencies": [
        "core"
      ],
      "attributes": {
        "defer": true
      }
    }
  ]
}
