<?xml version="1.0" encoding="utf-8" ?>
<extension type="component" method="upgrade">
	<name>COM_GENERIC</name>
	<creationDate>15 Feb 2024</creationDate>
	<author>Bernie</author>
	<authorEmail>[AUTHOR_EMAIL]</authorEmail>
	<authorUrl>[AUTHOR_URL]</authorUrl>
	<copyright>[COPYRIGHT]</copyright>
	<license>GNU General Public License version 2 or later;</license>

	<version>1.1.9</version>
	<!-- Includes featured items and consistent naming for league and stblrec forms -->
	
	<description>COM_GENERIC_XML_DESCRIPTION</description>
	<namespace path="src">GenericNamespace\Component\Generic</namespace>
	<scriptfile>script.php</scriptfile>
	<install> <!-- Runs on install -->
		<sql>
			<file driver="mysql" charset="utf8">sql/install.mysql.utf8.sql</file>
		</sql>
	</install>
	<uninstall> <!-- Runs on uninstall -->
		<sql>
			<file driver="mysql" charset="utf8">sql/uninstall.mysql.utf8.sql</file>
		</sql>
	</uninstall>
	<update>  <!-- Runs on update -->
		<schemas>
			<schemapath type="mysql">sql/updates/mysql</schemapath>
		</schemas>
	</update>
	<!-- Frond-end files -->
	<files folder="components/com_generic">
		<!-- <folder>forms</folder>  -->
		<folder>forms</folder>
		<folder>language</folder>
		<folder>src</folder>
		<folder>tmpl</folder>
	</files>
    <media folder="media/com_generic" destination="com_generic">
		<filename>joomla.asset.json</filename>
		<folder>js</folder>
    </media>
	<!-- Back-end files -->
	<administration>
		<menu img="class:comment">
			COM_GENERIC  <!-- The Components Menu header-->
			<params>
				<dashboard>generic</dashboard>
			</params>
		</menu>
		<submenu>
			<menu link="option=com_generic"> <!-- This is the stblrecs view-->
				COM_GENERIC_STBLRECS_MENU_LABEL
				<params>
					<menu-quicktask-title>COM_STBLREC_MENU_LABEL</menu-quicktask-title>
					<menu-quicktask>index.php?option=com_generic&amp;view=stblrec&amp;layout=edit</menu-quicktask>
				</params>
			</menu>
		
			<menu link="option=com_generic&amp;view=leagues">
				COM_LEAGUES_MENU_LABEL
				<params>
					<menu-quicktask-title>COM_LEAGUES_MENU_LABEL</menu-quicktask-title>
					<menu-quicktask>index.php?option=com_generic&amp;view=league&amp;layout=edit</menu-quicktask>
				</params>
			</menu>


			<menu link="option=com_categories&amp;extension=com_generic.stblrec">
				COM_GENERIC_STBLREC_CATEGORY
				<params>
					<menu-quicktask-title>COM_GENERIC_STBLREC_CATEGORY</menu-quicktask-title>
					<menu-quicktask>index.php?option=com_categories&amp;view=category&amp;layout=edit&amp;extension=com_generic.stblrec</menu-quicktask>
				</params>
			</menu>			
			<menu link="option=com_categories&amp;extension=com_generic.league">
				COM_GENERIC_LEAGUE_CATEGORY
				<params>
					<menu-quicktask-title>COM_GENERIC_LEAGUE_CATEGORY</menu-quicktask-title>
					<menu-quicktask>index.php?option=com_categories&amp;view=category&amp;layout=edit&amp;extension=com_generic.league</menu-quicktask>
				</params>
			</menu>
			<menu link="option=com_fields&amp;context=com_generic.stblrec">JGLOBAL_FIELDS</menu>
			<menu link="option=com_fields&amp;view=groups&amp;context=com_generic.stblrec">JGLOBAL_FIELD_GROUPS</menu>
			<menu link="option=com_fields&amp;context=com_generic.league">COM_GENERIC_LEAGUE_FIELDS</menu>
			<menu link="option=com_fields&amp;view=groups&amp;context=com_generic.league">COM_GENERIC_LEAGUE_FIELD_GROUPS</menu>
		</submenu>
		<files folder="administrator/components/com_generic">
		 	<filename>access.xml</filename> 
			<filename>config.xml</filename>
			<folder>forms</folder>
			<folder>language</folder>
			<folder>presets</folder>
			<folder>services</folder>
			<folder>sql</folder>
			<folder>src</folder>
			<folder>tmpl</folder>
		</files>
	</administration>
 		<changelogurl>https://rodgerbj.github.io/releases/Joomla/generic/generic_changelog.xml</changelogurl>
	<updateservers>
		<server type="extension" name="com_generic">https://rodgerbj.github.io/releases/Joomla/generic/generic_update.xml</server>
	</updateservers>
	<!-- <dlid prefix="dlid=" suffix="" /> -->
</extension>
