<?xml version="1.0" encoding="UTF-8" ?>
<extension type="package" version="1.1" method="upgrade">
	<!-- com_generic.zip originally created as com_generic230622_2027.zip -->
	<name>Generic package</name>
	<packagename>generic</packagename>
	<creationDate>20230413</creationDate>
	<packager>Bernie Rodgers</packager>
	<copyright>(C) ##YEAR## Astrid Günther. All rights reserved.</copyright>
	<packageremail>info@bernierodgers.com</packageremail>
	<packagerurl>www.bernierodgers.com</packagerurl>
	<author>Bernie Rodgers</author>
	<authorEmail>info@bernierodgers.com</authorEmail>
	<authorUrl>www.bernierodgers.com</authorUrl>
	<version>1.0.0</version>
	<license>GNU General Public License version 2 or later; see LICENSE.txt</license>
	<description>PKG_GENERIC_XML_DESCRIPTION</description>
	<scriptfile>pkg_script.php</scriptfile>
	<files folder="packages">
		<!-- The id for each extension is the element stored in the DB 
			It would appear the zip files below should be in the same location as script.php-->
		<file type="component" id="com_generic">com_generic.zip</file>
		
		<file type="plugin" id="plg_system_generic_cust_fields" group="system">plg_system_generic_cust_fields.zip</file>
		
	</files>
<!-- 	<updateservers>
	<server type="extension" name="generic updates">"https://somelocation/generic_update.xml"</server>
	</updateservers> -->
</extension>