<?xml version="1.0" encoding="utf-8"?>
<metadata>
	<layout title="COM_GENERIC_LEAGUE_VIEW_WITHHEAD_TITLE">
		<message>
			<![CDATA[COM_GENERIC_LEAGUE_VIEW_WITHHEAD_DESC]]>
		</message>
	</layout>
	<!-- Add fields to the request variables for the layout. -->
	<fields name="request">
		<fieldset name="request"
			addfieldprefix="GenericNamespace\Component\Generic\Administrator\Field"
		>
			<field
				name="id"
				type="modal_league"
				label="COM_GENERIC_SELECT_LEAGUE_LABEL"
				required="true"
				select="true"
				new="true"
				edit="true"
				clear="true"
			/>
		</fieldset>
	</fields>
</metadata>